date,casos_total,fallecidos total,ccaa_text,cod_ccaa
27/02/2020,1,0,Andalucía,1
27/02/2020,0,0,Aragón,2
27/02/2020,0,0,Asturias,3
27/02/2020,1,0,Baleares,4
27/02/2020,6,0,Canarias,5
27/02/2020,0,0,Cantabria,6
27/02/2020,0,0,Castilla-La Mancha,8
27/02/2020,0,0,Castilla y León,7
27/02/2020,2,0,Cataluña,9
27/02/2020,0,0,Ceuta,18
27/02/2020,2,0,C. Valenciana,10
27/02/2020,0,0,Extremadura,11
27/02/2020,0,0,Galicia,12
27/02/2020,4,0,Madrid,13
27/02/2020,0,0,Melilla,19
27/02/2020,0,0,Murcia,14
27/02/2020,0,0,Navarra,15
27/02/2020,0,0,País Vasco,16
27/02/2020,0,0,La Rioja,17
27/02/2020,16,0,Total,0
28/02/2020,6,0,Andalucía,1
28/02/2020,1,0,Aragón,2
28/02/2020,0,0,Asturias,3
28/02/2020,1,0,Baleares,4
28/02/2020,6,0,Canarias,5
28/02/2020,0,0,Cantabria,6
28/02/2020,0,0,Castilla-La Mancha,8
28/02/2020,2,0,Castilla y León,7
28/02/2020,3,0,Cataluña,9
28/02/2020,0,0,Ceuta,18
28/02/2020,8,0,C. Valenciana,10
28/02/2020,0,0,Extremadura,11
28/02/2020,0,0,Galicia,12
28/02/2020,5,0,Madrid,13
28/02/2020,0,0,Melilla,19
28/02/2020,0,0,Murcia,14
28/02/2020,0,0,Navarra,15
28/02/2020,0,0,País Vasco,16
28/02/2020,0,0,La Rioja,17
28/02/2020,32,0,Total,0
29/02/2020,8,0,Andalucía,1
29/02/2020,1,0,Aragón,2
29/02/2020,0,0,Asturias,3
29/02/2020,2,0,Baleares,4
29/02/2020,6,0,Canarias,5
29/02/2020,0,0,Cantabria,6
29/02/2020,0,0,Castilla-La Mancha,8
29/02/2020,2,0,Castilla y León,7
29/02/2020,5,0,Cataluña,9
29/02/2020,0,0,Ceuta,18
29/02/2020,10,0,C. Valenciana,10
29/02/2020,0,0,Extremadura,11
29/02/2020,0,0,Galicia,12
29/02/2020,8,0,Madrid,13
29/02/2020,0,0,Melilla,19
29/02/2020,0,0,Murcia,14
29/02/2020,0,0,Navarra,15
29/02/2020,2,0,País Vasco,16
29/02/2020,0,0,La Rioja,17
29/02/2020,44,0,Total,0
01/03/2020,12,0,Andalucía,1
01/03/2020,0,0,Aragón,2
01/03/2020,1,0,Asturias,3
01/03/2020,2,0,Baleares,4
01/03/2020,7,0,Canarias,5
01/03/2020,1,0,Cantabria,6
01/03/2020,1,0,Castilla-La Mancha,8
01/03/2020,3,0,Castilla y León,7
01/03/2020,6,0,Cataluña,9
01/03/2020,0,0,Ceuta,18
01/03/2020,15,0,C. Valenciana,10
01/03/2020,4,0,Extremadura,11
01/03/2020,0,0,Galicia,12
01/03/2020,10,0,Madrid,13
01/03/2020,0,0,Melilla,19
01/03/2020,0,0,Murcia,14
01/03/2020,1,0,Navarra,15
01/03/2020,3,0,País Vasco,16
01/03/2020,0,0,La Rioja,17
01/03/2020,66,0,Total,0
02/03/2020,12,0,Andalucía,1
02/03/2020,0,0,Aragón,2
02/03/2020,1,0,Asturias,3
02/03/2020,2,0,Baleares,4
02/03/2020,7,0,Canarias,5
02/03/2020,10,0,Cantabria,6
02/03/2020,3,0,Castilla-La Mancha,8
02/03/2020,3,0,Castilla y León,7
02/03/2020,15,0,Cataluña,9
02/03/2020,0,0,Ceuta,18
02/03/2020,15,0,C. Valenciana,10
02/03/2020,6,0,Extremadura,11
02/03/2020,0,0,Galicia,12
02/03/2020,29,0,Madrid,13
02/03/2020,0,0,Melilla,19
02/03/2020,0,0,Murcia,14
02/03/2020,1,0,Navarra,15
02/03/2020,9,0,País Vasco,16
02/03/2020,1,0,La Rioja,17
02/03/2020,114,0,Total,0
03/03/2020,13,0,Andalucía,1
03/03/2020,0,0,Aragón,2
03/03/2020,1,0,Asturias,3
03/03/2020,2,0,Baleares,4
03/03/2020,7,0,Canarias,5
03/03/2020,10,0,Cantabria,6
03/03/2020,7,0,Castilla-La Mancha,8
03/03/2020,8,0,Castilla y León,7
03/03/2020,15,0,Cataluña,9
03/03/2020,0,0,Ceuta,18
03/03/2020,15,0,C. Valenciana,10
03/03/2020,6,0,Extremadura,11
03/03/2020,0,0,Galicia,12
03/03/2020,49,0,Madrid,13
03/03/2020,0,0,Melilla,19
03/03/2020,0,0,Murcia,14
03/03/2020,1,0,Navarra,15
03/03/2020,13,0,País Vasco,16
03/03/2020,3,0,La Rioja,17
03/03/2020,150,0,Total,0
04/03/2020,13,0,Andalucía,1
04/03/2020,0,0,Aragón,2
04/03/2020,2,0,Asturias,3
04/03/2020,5,0,Baleares,4
04/03/2020,7,0,Canarias,5
04/03/2020,10,0,Cantabria,6
04/03/2020,12,0,Castilla-La Mancha,8
04/03/2020,11,0,Castilla y León,7
04/03/2020,15,0,Cataluña,9
04/03/2020,0,0,Ceuta,18
04/03/2020,19,1,C. Valenciana,10
04/03/2020,6,0,Extremadura,11
04/03/2020,1,0,Galicia,12
04/03/2020,70,0,Madrid,13
04/03/2020,0,0,Melilla,19
04/03/2020,0,0,Murcia,14
04/03/2020,3,0,Navarra,15
04/03/2020,17,0,País Vasco,16
04/03/2020,7,0,La Rioja,17
04/03/2020,198,1,Total,0
05/03/2020,12,0,Andalucía,1
05/03/2020,1,0,Aragón,2
05/03/2020,5,0,Asturias,3
05/03/2020,6,0,Baleares,4
05/03/2020,8,0,Canarias,5
05/03/2020,10,0,Cantabria,6
05/03/2020,13,0,Castilla-La Mancha,8
05/03/2020,11,0,Castilla y León,7
05/03/2020,24,0,Cataluña,9
05/03/2020,0,0,Ceuta,18
05/03/2020,19,1,C. Valenciana,10
05/03/2020,6,0,Extremadura,11
05/03/2020,1,0,Galicia,12
05/03/2020,90,1,Madrid,13
05/03/2020,0,0,Melilla,19
05/03/2020,0,0,Murcia,14
05/03/2020,3,0,Navarra,15
05/03/2020,17,1,País Vasco,16
05/03/2020,11,0,La Rioja,17
05/03/2020,237,3,Total,0
06/03/2020,21,0,Andalucía,1
06/03/2020,6,1,Aragón,2
06/03/2020,5,0,Asturias,3
06/03/2020,6,0,Baleares,4
06/03/2020,11,0,Canarias,5
06/03/2020,10,0,Cantabria,6
06/03/2020,15,0,Castilla-La Mancha,8
06/03/2020,14,0,Castilla y León,7
06/03/2020,24,0,Cataluña,9
06/03/2020,0,0,Ceuta,18
06/03/2020,30,1,C. Valenciana,10
06/03/2020,6,0,Extremadura,11
06/03/2020,3,0,Galicia,12
06/03/2020,137,2,Madrid,13
06/03/2020,0,0,Melilla,19
06/03/2020,0,0,Murcia,14
06/03/2020,3,0,Navarra,15
06/03/2020,45,1,País Vasco,16
06/03/2020,29,0,La Rioja,17
06/03/2020,365,5,Total,0
07/03/2020,27,0,Andalucía,1
07/03/2020,11,1,Aragón,2
07/03/2020,5,0,Asturias,3
07/03/2020,6,0,Baleares,4
07/03/2020,18,0,Canarias,5
07/03/2020,10,0,Cantabria,6
07/03/2020,15,0,Castilla-La Mancha,8
07/03/2020,14,0,Castilla y León,7
07/03/2020,24,1,Cataluña,9
07/03/2020,0,0,Ceuta,18
07/03/2020,30,1,C. Valenciana,10
07/03/2020,6,0,Extremadura,11
07/03/2020,3,0,Galicia,12
07/03/2020,174,4,Madrid,13
07/03/2020,0,0,Melilla,19
07/03/2020,0,0,Murcia,14
07/03/2020,3,0,Navarra,15
07/03/2020,45,1,País Vasco,16
07/03/2020,39,0,La Rioja,17
07/03/2020,430,8,Total,0
08/03/2020,35,0,Andalucía,1
08/03/2020,13,2,Aragón,2
08/03/2020,7,0,Asturias,3
08/03/2020,8,0,Baleares,4
08/03/2020,17,0,Canarias,5
08/03/2020,12,0,Cantabria,6
08/03/2020,15,0,Castilla-La Mancha,8
08/03/2020,22,0,Castilla y León,7
08/03/2020,49,1,Cataluña,9
08/03/2020,0,0,Ceuta,18
08/03/2020,37,1,C. Valenciana,10
08/03/2020,6,0,Extremadura,11
08/03/2020,5,0,Galicia,12
08/03/2020,202,8,Madrid,13
08/03/2020,0,0,Melilla,19
08/03/2020,1,0,Murcia,14
08/03/2020,3,0,Navarra,15
08/03/2020,102,5,País Vasco,16
08/03/2020,55,0,La Rioja,17
08/03/2020,589,17,Total,0
09/03/2020,54,0,Andalucía,1
09/03/2020,13,2,Aragón,2
09/03/2020,7,0,Asturias,3
09/03/2020,11,0,Baleares,4
09/03/2020,22,0,Canarias,5
09/03/2020,12,0,Cantabria,6
09/03/2020,26,0,Castilla-La Mancha,8
09/03/2020,23,0,Castilla y León,7
09/03/2020,75,1,Cataluña,9
09/03/2020,0,0,Ceuta,18
09/03/2020,37,1,C. Valenciana,10
09/03/2020,7,0,Extremadura,11
09/03/2020,6,0,Galicia,12
09/03/2020,469,8,Madrid,13
09/03/2020,0,0,Melilla,19
09/03/2020,4,0,Murcia,14
09/03/2020,3,0,Navarra,15
09/03/2020,149,5,País Vasco,16
09/03/2020,81,0,La Rioja,17
09/03/2020,999,17,Total,0
10/03/2020,71,0,Andalucía,1
10/03/2020,38,3,Aragón,2
10/03/2020,22,0,Asturias,3
10/03/2020,13,0,Baleares,4
10/03/2020,25,0,Canarias,5
10/03/2020,12,0,Cantabria,6
10/03/2020,39,0,Castilla-La Mancha,8
10/03/2020,56,0,Castilla y León,7
10/03/2020,124,3,Cataluña,9
10/03/2020,0,0,Ceuta,18
10/03/2020,50,1,C. Valenciana,10
10/03/2020,8,0,Extremadura,11
10/03/2020,22,0,Galicia,12
10/03/2020,782,21,Madrid,13
10/03/2020,0,0,Melilla,19
10/03/2020,9,0,Murcia,14
10/03/2020,12,0,Navarra,15
10/03/2020,195,6,País Vasco,16
10/03/2020,144,1,La Rioja,17
10/03/2020,1622,35,Total,0
11/03/2020,90,0,Andalucía,1
11/03/2020,45,4,Aragón,2
11/03/2020,32,0,Asturias,3
11/03/2020,16,0,Baleares,4
11/03/2020,37,0,Canarias,5
11/03/2020,12,0,Cantabria,6
11/03/2020,71,0,Castilla-La Mancha,8
11/03/2020,71,0,Castilla y León,7
11/03/2020,156,3,Cataluña,9
11/03/2020,0,0,Ceuta,18
11/03/2020,65,1,C. Valenciana,10
11/03/2020,9,0,Extremadura,11
11/03/2020,39,0,Galicia,12
11/03/2020,1024,31,Madrid,13
11/03/2020,0,0,Melilla,19
11/03/2020,11,0,Murcia,14
11/03/2020,46,0,Navarra,15
11/03/2020,225,6,País Vasco,16
11/03/2020,179,2,La Rioja,17
11/03/2020,2128,47,Total,0
12/03/2020,115,0,Andalucía,1
12/03/2020,64,6,Aragón,2
12/03/2020,47,1,Asturias,3
12/03/2020,22,1,Baleares,4
12/03/2020,51,0,Canarias,5
12/03/2020,16,0,Cantabria,6
12/03/2020,115,1,Castilla-La Mancha,8
12/03/2020,92,0,Castilla y León,7
12/03/2020,260,4,Cataluña,9
12/03/2020,0,0,Ceuta,18
12/03/2020,76,1,C. Valenciana,10
12/03/2020,19,1,Extremadura,11
12/03/2020,35,0,Galicia,12
12/03/2020,1388,56,Madrid,13
12/03/2020,0,0,Melilla,19
12/03/2020,26,0,Murcia,14
12/03/2020,73,0,Navarra,15
12/03/2020,346,11,País Vasco,16
12/03/2020,205,2,La Rioja,17
12/03/2020,2950,84,Total,0
13/03/2020,219,0,Andalucía,1
13/03/2020,80,7,Aragón,2
13/03/2020,67,1,Asturias,3
13/03/2020,30,1,Baleares,4
13/03/2020,70,0,Canarias,5
13/03/2020,29,0,Cantabria,6
13/03/2020,194,5,Castilla-La Mancha,8
13/03/2020,169,1,Castilla y León,7
13/03/2020,316,4,Cataluña,9
13/03/2020,0,0,Ceuta,18
13/03/2020,94,1,C. Valenciana,10
13/03/2020,39,1,Extremadura,11
13/03/2020,85,0,Galicia,12
13/03/2020,1990,81,Madrid,13
13/03/2020,2,0,Melilla,19
13/03/2020,35,0,Murcia,14
13/03/2020,130,0,Navarra,15
13/03/2020,417,14,País Vasco,16
13/03/2020,243,2,La Rioja,17
13/03/2020,4209,120,Total,0
14/03/2020,269,2,Andalucía,1
14/03/2020,80,7,Aragón,2
14/03/2020,92,1,Asturias,3
14/03/2020,28,1,Baleares,4
14/03/2020,90,1,Canarias,5
14/03/2020,31,0,Cantabria,6
14/03/2020,289,6,Castilla-La Mancha,8
14/03/2020,223,3,Castilla y León,7
14/03/2020,509,6,Cataluña,9
14/03/2020,0,0,Ceuta,18
14/03/2020,130,4,C. Valenciana,10
14/03/2020,66,2,Extremadura,11
14/03/2020,115,0,Galicia,12
14/03/2020,2940,86,Madrid,13
14/03/2020,3,0,Melilla,19
14/03/2020,47,0,Murcia,14
14/03/2020,146,0,Navarra,15
14/03/2020,417,14,País Vasco,16
14/03/2020,278,3,La Rioja,17
14/03/2020,5753,136,Total,0
15/03/2020,437,6,Andalucía,1
15/03/2020,147,7,Aragón,2
15/03/2020,137,1,Asturias,3
15/03/2020,28,1,Baleares,4
15/03/2020,109,1,Canarias,5
15/03/2020,51,0,Cantabria,6
15/03/2020,401,10,Castilla-La Mancha,8
15/03/2020,292,6,Castilla y León,7
15/03/2020,715,8,Cataluña,9
15/03/2020,1,0,Ceuta,18
15/03/2020,409,5,C. Valenciana,10
15/03/2020,95,2,Extremadura,11
15/03/2020,195,2,Galicia,12
15/03/2020,3544,213,Madrid,13
15/03/2020,8,0,Melilla,19
15/03/2020,71,0,Murcia,14
15/03/2020,183,0,Navarra,15
15/03/2020,630,23,País Vasco,16
15/03/2020,300,3,La Rioja,17
15/03/2020,7753,288,Total,0
16/03/2020,554,7,Andalucía,1
16/03/2020,174,11,Aragón,2
16/03/2020,177,1,Asturias,3
16/03/2020,73,1,Baleares,4
16/03/2020,119,1,Canarias,5
16/03/2020,58,0,Cantabria,6
16/03/2020,567,17,Castilla-La Mancha,8
16/03/2020,334,9,Castilla y León,7
16/03/2020,903,12,Cataluña,9
16/03/2020,1,0,Ceuta,18
16/03/2020,409,5,C. Valenciana,10
16/03/2020,111,2,Extremadura,11
16/03/2020,245,2,Galicia,12
16/03/2020,4165,213,Madrid,13
16/03/2020,8,0,Melilla,19
16/03/2020,77,0,Murcia,14
16/03/2020,274,1,Navarra,15
16/03/2020,630,23,País Vasco,16
16/03/2020,312,4,La Rioja,17
16/03/2020,9191,309,Total,0
17/03/2020,683,11,Andalucía,1
17/03/2020,207,12,Aragón,2
17/03/2020,193,1,Asturias,3
17/03/2020,92,1,Baleares,4
17/03/2020,148,2,Canarias,5
17/03/2020,58,0,Cantabria,6
17/03/2020,567,17,Castilla-La Mancha,8
17/03/2020,431,12,Castilla y León,7
17/03/2020,1394,18,Cataluña,9
17/03/2020,1,0,Ceuta,18
17/03/2020,541,13,C. Valenciana,10
17/03/2020,153,3,Extremadura,11
17/03/2020,292,3,Galicia,12
17/03/2020,4871,355,Madrid,13
17/03/2020,17,0,Melilla,19
17/03/2020,97,0,Murcia,14
17/03/2020,313,2,Navarra,15
17/03/2020,765,36,País Vasco,16
17/03/2020,355,5,La Rioja,17
17/03/2020,11178,491,Total,0
18/03/2020,859,19,Andalucía,1
18/03/2020,226,13,Aragón,2
18/03/2020,242,1,Asturias,3
18/03/2020,112,1,Baleares,4
18/03/2020,181,3,Canarias,5
18/03/2020,68,1,Cantabria,6
18/03/2020,675,28,Castilla-La Mancha,8
18/03/2020,668,22,Castilla y León,7
18/03/2020,1866,41,Cataluña,9
18/03/2020,1,0,Ceuta,18
18/03/2020,726,22,C. Valenciana,10
18/03/2020,194,6,Extremadura,11
18/03/2020,341,3,Galicia,12
18/03/2020,5637,390,Madrid,13
18/03/2020,20,0,Melilla,19
18/03/2020,122,0,Murcia,14
18/03/2020,386,3,Navarra,15
18/03/2020,973,40,País Vasco,16
18/03/2020,419,5,La Rioja,17
18/03/2020,13716,598,Total,0
19/03/2020,1008,23,Andalucía,1
19/03/2020,281,15,Aragón,2
19/03/2020,292,1,Asturias,3
19/03/2020,169,2,Baleares,4
19/03/2020,220,3,Canarias,5
19/03/2020,83,1,Cantabria,6
19/03/2020,801,42,Castilla-La Mancha,8
19/03/2020,868,29,Castilla y León,7
19/03/2020,2702,55,Cataluña,9
19/03/2020,1,0,Ceuta,18
19/03/2020,921,24,C. Valenciana,10
19/03/2020,241,8,Extremadura,11
19/03/2020,453,4,Galicia,12
19/03/2020,6777,498,Madrid,13
19/03/2020,23,0,Melilla,19
19/03/2020,167,0,Murcia,14
19/03/2020,482,4,Navarra,15
19/03/2020,1190,53,País Vasco,16
19/03/2020,468,5,La Rioja,17
19/03/2020,17147,767,Total,0
20/03/2020,1287,30,Andalucía,1
20/03/2020,360,17,Aragón,2
20/03/2020,344,2,Asturias,3
20/03/2020,203,2,Baleares,4
20/03/2020,287,4,Canarias,5
20/03/2020,144,1,Cantabria,6
20/03/2020,1044,42,Castilla-La Mancha,8
20/03/2020,1147,43,Castilla y León,7
20/03/2020,3270,82,Cataluña,9
20/03/2020,5,0,Ceuta,18
20/03/2020,1105,33,C. Valenciana,10
20/03/2020,297,10,Extremadura,11
20/03/2020,578,5,Galicia,12
20/03/2020,7165,628,Madrid,13
20/03/2020,24,0,Melilla,19
20/03/2020,204,0,Murcia,14
20/03/2020,554,5,Navarra,15
20/03/2020,1465,71,País Vasco,16
20/03/2020,497,7,La Rioja,17
20/03/2020,19980,1002,Total,0
21/03/2020,1515,40,Andalucía,1
21/03/2020,424,22,Aragón,2
21/03/2020,486,5,Asturias,3
21/03/2020,246,4,Baleares,4
21/03/2020,348,7,Canarias,5
21/03/2020,215,2,Cantabria,6
21/03/2020,1423,84,Castilla-La Mancha,8
21/03/2020,1466,55,Castilla y León,7
21/03/2020,4203,122,Cataluña,9
21/03/2020,5,0,Ceuta,18
21/03/2020,1363,50,C. Valenciana,10
21/03/2020,354,12,Extremadura,11
21/03/2020,739,9,Galicia,12
21/03/2020,8921,804,Madrid,13
21/03/2020,25,0,Melilla,19
21/03/2020,240,1,Murcia,14
21/03/2020,664,9,Navarra,15
21/03/2020,1725,85,País Vasco,16
21/03/2020,564,15,La Rioja,17
21/03/2020,24926,1326,Total,0
22/03/2020,1725,47,Andalucía,1
22/03/2020,532,24,Aragón,2
22/03/2020,545,8,Asturias,3
22/03/2020,331,4,Baleares,4
22/03/2020,414,9,Canarias,5
22/03/2020,282,5,Cantabria,6
22/03/2020,1819,112,Castilla-La Mancha,8
22/03/2020,1744,74,Castilla y León,7
22/03/2020,4704,191,Cataluña,9
22/03/2020,5,0,Ceuta,18
22/03/2020,1604,69,C. Valenciana,10
22/03/2020,384,14,Extremadura,11
22/03/2020,915,12,Galicia,12
22/03/2020,9702,1021,Madrid,13
22/03/2020,25,0,Melilla,19
22/03/2020,296,1,Murcia,14
22/03/2020,794,14,Navarra,15
22/03/2020,2097,97,País Vasco,16
22/03/2020,654,18,La Rioja,17
22/03/2020,28572,1720,Total,0
23/03/2020,1961,58,Andalucía,1
23/03/2020,638,32,Aragón,2
23/03/2020,594,12,Asturias,3
23/03/2020,400,10,Baleares,4
23/03/2020,481,11,Canarias,5
23/03/2020,347,6,Cantabria,6
23/03/2020,2078,145,Castilla-La Mancha,8
23/03/2020,2055,102,Castilla y León,7
23/03/2020,5925,245,Cataluña,9
23/03/2020,6,0,Ceuta,18
23/03/2020,1901,94,C. Valenciana,10
23/03/2020,493,18,Extremadura,11
23/03/2020,1208,18,Galicia,12
23/03/2020,10575,1263,Madrid,13
23/03/2020,28,0,Melilla,19
23/03/2020,345,2,Murcia,14
23/03/2020,886,24,Navarra,15
23/03/2020,2421,120,País Vasco,16
23/03/2020,747,22,La Rioja,17
23/03/2020,33089,2182,Total,0
24/03/2020,2471,87,Andalucía,1
24/03/2020,758,37,Aragón,2
24/03/2020,662,22,Asturias,3
24/03/2020,478,10,Baleares,4
24/03/2020,557,16,Canarias,5
24/03/2020,425,9,Cantabria,6
24/03/2020,2465,216,Castilla-La Mancha,8
24/03/2020,2460,124,Castilla y León,7
24/03/2020,7864,282,Cataluña,9
24/03/2020,6,0,Ceuta,18
24/03/2020,2167,115,C. Valenciana,10
24/03/2020,636,26,Extremadura,11
24/03/2020,1415,20,Galicia,12
24/03/2020,12352,1535,Madrid,13
24/03/2020,28,0,Melilla,19
24/03/2020,385,3,Murcia,14
24/03/2020,1014,31,Navarra,15
24/03/2020,2728,133,País Vasco,16
24/03/2020,802,30,La Rioja,17
24/03/2020,39673,2696,Total,0
25/03/2020,3010,113,Andalucía,1
25/03/2020,907,40,Aragón,2
25/03/2020,779,25,Asturias,3
25/03/2020,562,13,Baleares,4
25/03/2020,657,21,Canarias,5
25/03/2020,510,14,Cantabria,6
25/03/2020,2780,263,Castilla-La Mancha,8
25/03/2020,2940,165,Castilla y León,7
25/03/2020,9937,516,Cataluña,9
25/03/2020,9,0,Ceuta,18
25/03/2020,2616,143,C. Valenciana,10
25/03/2020,742,39,Extremadura,11
25/03/2020,1653,27,Galicia,12
25/03/2020,14597,1825,Madrid,13
25/03/2020,38,0,Melilla,19
25/03/2020,477,5,Murcia,14
25/03/2020,1197,33,Navarra,15
25/03/2020,3271,155,País Vasco,16
25/03/2020,928,37,La Rioja,17
25/03/2020,47610,3434,Total,0
26/03/2020,3406,134,Andalucía,1
26/03/2020,1116,48,Aragón,2
26/03/2020,841,27,Asturias,3
26/03/2020,660,17,Baleares,4
26/03/2020,784,24,Canarias,5
26/03/2020,671,17,Cantabria,6
26/03/2020,3383,316,Castilla-La Mancha,8
26/03/2020,3488,206,Castilla y León,7
26/03/2020,11592,672,Cataluña,9
26/03/2020,10,0,Ceuta,18
26/03/2020,3200,167,C. Valenciana,10
26/03/2020,969,58,Extremadura,11
26/03/2020,1915,32,Galicia,12
26/03/2020,17166,2090,Madrid,13
26/03/2020,39,1,Melilla,19
26/03/2020,596,8,Murcia,14
26/03/2020,1411,49,Navarra,15
26/03/2020,3946,180,País Vasco,16
26/03/2020,995,43,La Rioja,17
26/03/2020,56188,4089,Total,0
27/03/2020,3793,144,Andalucía,1
27/03/2020,1338,58,Aragón,2
27/03/2020,900,29,Asturias,3
27/03/2020,755,22,Baleares,4
27/03/2020,878,27,Canarias,5
27/03/2020,810,21,Cantabria,6
27/03/2020,3934,367,Castilla-La Mancha,8
27/03/2020,4132,252,Castilla y León,7
27/03/2020,12940,880,Cataluña,9
27/03/2020,17,0,Ceuta,18
27/03/2020,3532,198,C. Valenciana,10
27/03/2020,1231,69,Extremadura,11
27/03/2020,2322,43,Galicia,12
27/03/2020,19243,2412,Madrid,13
27/03/2020,42,1,Melilla,19
27/03/2020,714,15,Murcia,14
27/03/2020,1641,58,Navarra,15
27/03/2020,4601,207,País Vasco,16
27/03/2020,1236,55,La Rioja,17
27/03/2020,64059,4858,Total,0
28/03/2020,4277,175,Andalucía,1
28/03/2020,1592,58,Aragón,2
28/03/2020,1004,33,Asturias,3
28/03/2020,862,26,Baleares,4
28/03/2020,1025,36,Canarias,5
28/03/2020,937,22,Cantabria,6
28/03/2020,4512,448,Castilla-La Mancha,8
28/03/2020,4791,321,Castilla y León,7
28/03/2020,14263,1070,Cataluña,9
28/03/2020,17,1,Ceuta,18
28/03/2020,4034,234,C. Valenciana,10
28/03/2020,1394,88,Extremadura,11
28/03/2020,2772,47,Galicia,12
28/03/2020,21520,2757,Madrid,13
28/03/2020,45,1,Melilla,19
28/03/2020,802,17,Murcia,14
28/03/2020,1829,70,Navarra,15
28/03/2020,5136,221,País Vasco,16
28/03/2020,1436,65,La Rioja,17
28/03/2020,72248,5690,Total,0
29/03/2020,4682,207,Andalucía,1
29/03/2020,1858,93,Aragón,2
29/03/2020,1088,41,Asturias,3
29/03/2020,958,29,Baleares,4
29/03/2020,1125,39,Canarias,5
29/03/2020,1023,26,Cantabria,6
29/03/2020,5246,539,Castilla-La Mancha,8
29/03/2020,5414,380,Castilla y León,7
29/03/2020,15026,1226,Cataluña,9
29/03/2020,21,1,Ceuta,18
29/03/2020,4784,267,C. Valenciana,10
29/03/2020,1456,100,Extremadura,11
29/03/2020,3139,60,Galicia,12
29/03/2020,22677,3082,Madrid,13
29/03/2020,48,1,Melilla,19
29/03/2020,872,20,Murcia,14
29/03/2020,2011,84,Navarra,15
29/03/2020,5740,265,País Vasco,16
29/03/2020,1629,68,La Rioja,17
29/03/2020,78797,6528,Total,0
30/03/2020,5405,236,Andalucía,1
30/03/2020,2078,106,Aragón,2
30/03/2020,1158,49,Asturias,3
30/03/2020,1000,37,Baleares,4
30/03/2020,1204,40,Canarias,5
30/03/2020,1100,27,Cantabria,6
30/03/2020,5858,622,Castilla-La Mancha,8
30/03/2020,5801,442,Castilla y León,7
30/03/2020,16157,1410,Cataluña,9
30/03/2020,25,1,Ceuta,18
30/03/2020,5110,310,C. Valenciana,10
30/03/2020,1560,106,Extremadura,11
30/03/2020,3723,66,Galicia,12
30/03/2020,24090,3392,Madrid,13
30/03/2020,51,1,Melilla,19
30/03/2020,939,25,Murcia,14
30/03/2020,2146,102,Navarra,15
30/03/2020,6057,297,País Vasco,16
30/03/2020,1733,71,La Rioja,17
30/03/2020,85195,7340,Total,0
31/03/2020,5818,248,Andalucía,1
31/03/2020,2272,138,Aragón,2
31/03/2020,1236,55,Asturias,3
31/03/2020,1069,42,Baleares,4
31/03/2020,1262,55,Canarias,5
31/03/2020,1171,37,Cantabria,6
31/03/2020,6424,708,Castilla-La Mancha,8
31/03/2020,6211,516,Castilla y León,7
31/03/2020,18773,1672,Cataluña,9
31/03/2020,34,1,Ceuta,18
31/03/2020,5508,339,C. Valenciana,10
31/03/2020,1628,133,Extremadura,11
31/03/2020,4039,84,Galicia,12
31/03/2020,27509,3603,Madrid,13
31/03/2020,54,1,Melilla,19
31/03/2020,974,34,Murcia,14
31/03/2020,2305,113,Navarra,15
31/03/2020,6320,325,País Vasco,16
31/03/2020,1810,85,La Rioja,17
31/03/2020,94417,8189,Total,0
01/04/2020,6392,308,Andalucía,1
01/04/2020,2491,169,Aragón,2
01/04/2020,1322,63,Asturias,3
01/04/2020,1131,46,Baleares,4
01/04/2020,1380,62,Canarias,5
01/04/2020,1213,54,Cantabria,6
01/04/2020,7047,774,Castilla-La Mancha,8
01/04/2020,6847,585,Castilla y León,7
01/04/2020,19991,1849,Cataluña,9
01/04/2020,51,1,Ceuta,18
01/04/2020,5922,395,C. Valenciana,10
01/04/2020,1679,152,Extremadura,11
01/04/2020,4432,103,Galicia,12
01/04/2020,29840,3865,Madrid,13
01/04/2020,62,1,Melilla,19
01/04/2020,1041,37,Murcia,14
01/04/2020,2497,130,Navarra,15
01/04/2020,6838,369,País Vasco,16
01/04/2020,1960,90,La Rioja,17
01/04/2020,102136,9053,Total,0
02/04/2020,6972,343,Andalucía,1
02/04/2020,2700,200,Aragón,2
02/04/2020,1384,69,Asturias,3
02/04/2020,1204,58,Baleares,4
02/04/2020,1444,68,Canarias,5
02/04/2020,1268,60,Cantabria,6
02/04/2020,7682,854,Castilla-La Mancha,8
02/04/2020,7355,641,Castilla y León,7
02/04/2020,21804,2093,Cataluña,9
02/04/2020,55,1,Ceuta,18
02/04/2020,6308,443,C. Valenciana,10
02/04/2020,1837,181,Extremadura,11
02/04/2020,4842,120,Galicia,12
02/04/2020,32155,4175,Madrid,13
02/04/2020,62,1,Melilla,19
02/04/2020,1084,42,Murcia,14
02/04/2020,2682,141,Navarra,15
02/04/2020,7317,412,País Vasco,16
02/04/2020,2083,101,La Rioja,17
02/04/2021,110238,10003,Total,0
03/04/2020,7374,376,Andalucía,1
03/04/2020,2889,224,Aragón,2
03/04/2020,1433,70,Asturias,3
03/04/2020,1257,69,Baleares,4
03/04/2020,1490,73,Canarias,5
03/04/2020,1321,64,Cantabria,6
03/04/2020,8523,916,Castilla-La Mancha,8
03/04/2020,7875,723,Castilla y León,7
03/04/2020,23460,2335,Cataluña,9
03/04/2020,62,1,Ceuta,18
03/04/2020,6624,511,C. Valenciana,10
03/04/2020,1893,200,Extremadura,11
03/04/2020,5219,138,Galicia,12
03/04/2020,34188,4483,Madrid,13
03/04/2020,70,2,Melilla,19
03/04/2020,1145,46,Murcia,14
03/04/2020,2836,151,Navarra,15
03/04/2020,7827,444,País Vasco,16
03/04/2020,2224,109,La Rioja,17
03/04/2020,117710,10935,Total,0
04/04/2020,7869,426,Andalucía,1
04/04/2020,3078,251,Aragón,2
04/04/2020,1522,76,Asturias,3
04/04/2020,1271,71,Baleares,4
04/04/2020,1564,78,Canarias,5
04/04/2020,1384,68,Cantabria,6
04/04/2020,9324,989,Castilla-La Mancha,8
04/04/2020,8332,786,Castilla y León,7
04/04/2020,24734,2508,Cataluña,9
04/04/2020,73,1,Ceuta,18
04/04/2020,6901,571,C. Valenciana,10
04/04/2020,1979,208,Extremadura,11
04/04/2020,5625,159,Galicia,12
04/04/2020,36249,4723,Madrid,13
04/04/2020,79,2,Melilla,19
04/04/2020,1188,51,Murcia,14
04/04/2020,2972,171,Navarra,15
04/04/2020,8187,477,País Vasco,16
04/04/2020,2405,128,La Rioja,17
04/04/2020,124736,11744,Total,0
05/04/2020,8301,470,Andalucía,1
05/04/2020,3232,270,Aragón,2
05/04/2020,1605,80,Asturias,3
05/04/2020,1293,75,Baleares,4
05/04/2020,1622,80,Canarias,5
05/04/2020,1441,68,Cantabria,6
05/04/2020,10031,1055,Castilla-La Mancha,8
05/04/2020,8749,847,Castilla y León,7
05/04/2020,26032,2637,Cataluña,9
05/04/2020,83,2,Ceuta,18
05/04/2020,7184,613,C. Valenciana,10
05/04/2020,2047,218,Extremadura,11
05/04/2020,5944,174,Galicia,12
05/04/2020,37584,4941,Madrid,13
05/04/2020,83,2,Melilla,19
05/04/2020,1235,59,Murcia,14
05/04/2020,3073,178,Navarra,15
05/04/2020,8628,515,País Vasco,16
05/04/2020,2592,134,La Rioja,17
05/04/2020,130759,12418,Total,0
06/04/2020,8581,491,Andalucía,1
06/04/2020,3347,284,Aragón,2
06/04/2020,1646,86,Asturias,3
06/04/2020,1320,81,Baleares,4
06/04/2020,1649,85,Canarias,5
06/04/2020,1483,77,Cantabria,6
06/04/2020,10602,1132,Castilla-La Mancha,8
06/04/2020,9116,919,Castilla y León,7
06/04/2020,26824,2760,Cataluña,9
06/04/2020,83,3,Ceuta,18
06/04/2020,7334,637,C. Valenciana,10
06/04/2020,2068,228,Extremadura,11
06/04/2020,6151,190,Galicia,12
06/04/2020,38723,5136,Madrid,13
06/04/2020,86,2,Melilla,19
06/04/2020,1259,68,Murcia,14
06/04/2020,3231,187,Navarra,15
06/04/2020,8810,548,País Vasco,16
06/04/2020,2719,141,La Rioja,17
06/04/2020,135032,13055,Total,0
07/04/2020,8767,528,Andalucía,1
07/04/2020,3449,312,Aragón,2
07/04/2020,1679,96,Asturias,3
07/04/2020,1369,84,Baleares,4
07/04/2020,1725,89,Canarias,5
07/04/2020,1501,85,Cantabria,6
07/04/2020,11077,1177,Castilla-La Mancha,8
07/04/2020,9581,982,Castilla y León,7
07/04/2020,28323,2908,Cataluña,9
07/04/2020,83,4,Ceuta,18
07/04/2020,7443,672,C. Valenciana,10
07/04/2020,2116,258,Extremadura,11
07/04/2020,6331,204,Galicia,12
07/04/2020,40469,5371,Madrid,13
07/04/2020,92,2,Melilla,19
07/04/2020,1283,78,Murcia,14
07/04/2020,3355,202,Navarra,15
07/04/2020,9021,586,País Vasco,16
07/04/2020,2846,160,La Rioja,17
07/04/2020,140510,13798,Total,0
08/04/2020,8997,605,Andalucía,1
08/04/2020,3549,349,Aragón,2
08/04/2020,1705,102,Asturias,3
08/04/2020,1412,89,Baleares,4
08/04/2020,1762,91,Canarias,5
08/04/2020,1572,92,Cantabria,6
08/04/2020,11788,1255,Castilla-La Mancha,8
08/04/2020,10058,1028,Castilla y León,7
08/04/2020,29647,3041,Cataluña,9
08/04/2020,84,4,Ceuta,18
08/04/2020,7655,724,C. Valenciana,10
08/04/2020,2184,271,Extremadura,11
08/04/2020,6538,213,Galicia,12
08/04/2020,42450,5586,Madrid,13
08/04/2020,93,2,Melilla,19
08/04/2020,1326,85,Murcia,14
08/04/2020,3467,206,Navarra,15
08/04/2020,9452,635,País Vasco,16
08/04/2020,2951,177,La Rioja,17
08/04/2020,146690,14555,Total,0
09/04/2020,9261,652,Andalucía,1
09/04/2020,3685,385,Aragón,2
09/04/2020,1737,110,Asturias,3
09/04/2020,1448,89,Baleares,4
09/04/2020,1834,92,Canarias,5
09/04/2020,1619,98,Cantabria,6
09/04/2020,12489,1322,Castilla-La Mancha,8
09/04/2020,10518,1082,Castilla y León,7
09/04/2020,31043,3148,Cataluña,9
09/04/2020,84,4,Ceuta,18
09/04/2020,7964,767,C. Valenciana,10
09/04/2020,2273,283,Extremadura,11
09/04/2020,6758,231,Galicia,12
09/04/2020,43877,5800,Madrid,13
09/04/2020,93,2,Melilla,19
09/04/2020,1356,88,Murcia,14
09/04/2020,3575,214,Navarra,15
09/04/2020,9806,689,País Vasco,16
09/04/2020,3026,182,La Rioja,17
09/04/2020,152446,15238,Total,0
10/04/2020,9510,691,Andalucía,1
10/04/2020,3831,409,Aragón,2
10/04/2020,1799,121,Asturias,3
10/04/2020,1488,97,Baleares,4
10/04/2020,1858,94,Canarias,5
10/04/2020,1659,102,Cantabria,6
10/04/2020,13063,1431,Castilla-La Mancha,8
10/04/2020,11102,1129,Castilla y León,7
10/04/2020,31824,3231,Cataluña,9
10/04/2020,91,4,Ceuta,18
10/04/2020,8331,796,C. Valenciana,10
10/04/2020,2332,288,Extremadura,11
10/04/2020,6946,243,Galicia,12
10/04/2020,44783,5972,Madrid,13
10/04/2020,95,2,Melilla,19
10/04/2020,1383,90,Murcia,14
10/04/2020,3748,218,Navarra,15
10/04/2020,10103,729,País Vasco,16
10/04/2020,3076,196,La Rioja,17
10/04/2020,157022,15843,Total,0
11/04/2020,9712,737,Andalucía,1
11/04/2020,3969,425,Aragón,2
11/04/2020,1827,128,Asturias,3
11/04/2020,1507,102,Baleares,4
11/04/2020,1887,95,Canarias,5
11/04/2020,1719,107,Cantabria,6
11/04/2020,13456,1483,Castilla-La Mancha,8
11/04/2020,11543,1180,Castilla y León,7
11/04/2020,32984,3331,Cataluña,9
11/04/2020,93,4,Ceuta,18
11/04/2020,8578,818,C. Valenciana,10
11/04/2020,2486,303,Extremadura,11
11/04/2020,7176,261,Galicia,12
11/04/2020,45849,6084,Madrid,13
11/04/2020,98,2,Melilla,19
11/04/2020,1413,94,Murcia,14
11/04/2020,3817,227,Navarra,15
11/04/2020,10515,765,País Vasco,16
11/04/2020,3223,207,La Rioja,17
11/04/2020,161852,16353,Total,0
12/04/2020,10006,799,Andalucía,1
12/04/2020,4070,450,Aragón,2
12/04/2020,1892,140,Asturias,3
12/04/2020,1534,112,Baleares,4
12/04/2020,1918,95,Canarias,5
12/04/2020,1752,110,Cantabria,6
12/04/2020,13698,1543,Castilla-La Mancha,8
12/04/2020,12118,1221,Castilla y León,7
12/04/2020,34027,3442,Cataluña,9
12/04/2020,93,4,Ceuta,18
12/04/2020,8841,838,C. Valenciana,10
12/04/2020,2580,312,Extremadura,11
12/04/2020,7336,274,Galicia,12
12/04/2020,46587,6278,Madrid,13
12/04/2020,98,2,Melilla,19
12/04/2020,1449,97,Murcia,14
12/04/2020,3969,232,Navarra,15
12/04/2020,10772,804,País Vasco,16
12/04/2020,3279,219,La Rioja,17
12/04/2020,166019,16972,Total,0
13/04/2020,10187,815,Andalucía,1
13/04/2020,4187,464,Aragón,2
13/04/2020,1958,149,Asturias,3
13/04/2020,1550,117,Baleares,4
13/04/2020,1944,96,Canarias,5
13/04/2020,1777,117,Cantabria,6
13/04/2020,14054,1626,Castilla-La Mancha,8
13/04/2020,12628,1263,Castilla y León,7
13/04/2020,34726,3538,Cataluña,9
13/04/2020,95,4,Ceuta,18
13/04/2020,9060,876,C. Valenciana,10
13/04/2020,2658,321,Extremadura,11
13/04/2020,7494,284,Galicia,12
13/04/2020,47146,6423,Madrid,13
13/04/2020,101,2,Melilla,19
13/04/2020,1463,101,Murcia,14
13/04/2020,4092,239,Navarra,15
13/04/2020,11018,831,País Vasco,16
13/04/2020,3358,223,La Rioja,17
13/04/2020,169496,17489,Total,0
14/04/2020,10192,836,Andalucía,1
14/04/2020,4245,492,Aragón,2
14/04/2020,2051,156,Asturias,3
14/04/2020,1571,118,Baleares,4
14/04/2020,1958,102,Canarias,5
14/04/2020,1796,120,Cantabria,6
14/04/2020,14329,1714,Castilla-La Mancha,8
14/04/2020,13180,1299,Castilla y León,7
14/04/2020,35197,3666,Cataluña,9
14/04/2020,96,4,Ceuta,18
14/04/2020,9213,907,C. Valenciana,10
14/04/2020,2684,334,Extremadura,11
14/04/2020,7597,290,Galicia,12
14/04/2020,48048,6568,Madrid,13
14/04/2020,101,2,Melilla,19
14/04/2020,1487,106,Murcia,14
14/04/2020,4150,249,Navarra,15
14/04/2020,11226,859,País Vasco,16
14/04/2020,3420,234,La Rioja,17
14/04/2020,172541,18056,Total,0
15/04/2020,10595,865,Andalucía,1
15/04/2020,4338,514,Aragón,2
15/04/2020,2096,166,Asturias,3
15/04/2020,1606,125,Baleares,4
15/04/2020,1975,104,Canarias,5
15/04/2020,1823,132,Cantabria,6
15/04/2020,14680,1755,Castilla-La Mancha,8
15/04/2020,13697,1337,Castilla y León,7
15/04/2020,36505,3756,Cataluña,9
15/04/2020,98,4,Ceuta,18
15/04/2020,9424,945,C. Valenciana,10
15/04/2020,2762,342,Extremadura,11
15/04/2020,7708,299,Galicia,12
15/04/2020,49526,6724,Madrid,13
15/04/2020,102,2,Melilla,19
15/04/2020,1520,109,Murcia,14
15/04/2020,4246,252,Navarra,15
15/04/2020,11475,902,País Vasco,16
15/04/2020,3457,246,La Rioja,17
15/04/2020,177633,18579,Total,0
16/04/2020,10807,912,Andalucía,1
16/04/2020,4566,543,Aragón,2
16/04/2020,2170,168,Asturias,3
16/04/2020,1637,131,Baleares,4
16/04/2020,1988,107,Canarias,5
16/04/2020,1845,137,Cantabria,6
16/04/2020,15151,1796,Castilla-La Mancha,8
16/04/2020,14380,1372,Castilla y León,7
16/04/2020,37354,3855,Cataluña,9
16/04/2020,100,4,Ceuta,18
16/04/2020,9615,972,C. Valenciana,10
16/04/2020,2881,359,Extremadura,11
16/04/2020,7873,310,Galicia,12
16/04/2020,50694,6877,Madrid,13
16/04/2020,103,2,Melilla,19
16/04/2020,1598,111,Murcia,14
16/04/2020,4348,261,Navarra,15
16/04/2020,11790,956,País Vasco,16
16/04/2020,3916,257,La Rioja,17
16/04/2020,182816,19130,Total,0
17/04/2020,11053,940,Andalucía,1
17/04/2020,4664,562,Aragón,2
17/04/2020,2230,174,Asturias,3
17/04/2020,1668,134,Baleares,4
17/04/2020,2009,111,Canarias,5
17/04/2020,1884,144,Cantabria,6
17/04/2020,15997,1852,Castilla-La Mancha,8
17/04/2020,14903,1401,Castilla y León,7
17/04/2020,38316,3855,Cataluña,9
17/04/2020,101,4,Ceuta,18
17/04/2020,9869,999,C. Valenciana,10
17/04/2020,3019,372,Extremadura,11
17/04/2020,8013,320,Galicia,12
17/04/2020,51993,7007,Madrid,13
17/04/2020,104,2,Melilla,19
17/04/2020,1625,112,Murcia,14
17/04/2020,4433,338,Navarra,15
17/04/2020,12089,992,País Vasco,16
17/04/2020,4098,262,La Rioja,17
17/04/2020,188068,19581,Total,0
18/04/2020,11020,967,Andalucía,1
18/04/2020,4761,601,Aragón,2
18/04/2020,2272,187,Asturias,3
18/04/2020,1748,148,Baleares,4
18/04/2020,2035,115,Canarias,5
18/04/2020,1990,149,Cantabria,6
18/04/2020,16349,1913,Castilla-La Mancha,8
18/04/2020,15293,1429,Castilla y León,7
18/04/2020,39943,3879,Cataluña,9
18/04/2020,108,4,Ceuta,18
18/04/2020,9795,1042,C. Valenciana,10
18/04/2020,3081,380,Extremadura,11
18/04/2020,8084,334,Galicia,12
18/04/2020,52946,7132,Madrid,13
18/04/2020,104,2,Melilla,19
18/04/2020,1638,115,Murcia,14
18/04/2020,4556,354,Navarra,15
18/04/2020,12355,1020,País Vasco,16
18/04/2020,3648,272,La Rioja,17
18/04/2020,191726,20043,Total,0
19/04/2020,11205,993,Andalucía,1
19/04/2020,4831,619,Aragón,2
19/04/2020,2298,196,Asturias,3
19/04/2020,1773,155,Baleares,4
19/04/2020,2047,119,Canarias,5
19/04/2020,2050,153,Cantabria,6
19/04/2020,16625,1963,Castilla-La Mancha,8
19/04/2020,15621,1458,Castilla y León,7
19/04/2020,40600,3933,Cataluña,9
19/04/2020,109,4,Ceuta,18
19/04/2020,9937,1065,C. Valenciana,10
19/04/2020,3136,384,Extremadura,11
19/04/2020,8185,346,Galicia,12
19/04/2020,54884,7239,Madrid,13
19/04/2020,104,2,Melilla,19
19/04/2020,1644,116,Murcia,14
19/04/2020,4621,369,Navarra,15
19/04/2020,12569,1062,País Vasco,16
19/04/2020,3705,277,La Rioja,17
19/04/2020,195944,20453,Total,0
20/04/2020,11323,1013,Andalucía,1
20/04/2020,4886,637,Aragón,2
20/04/2020,2348,200,Asturias,3
20/04/2020,1788,157,Baleares,4
20/04/2020,2067,119,Canarias,5
20/04/2020,2083,158,Cantabria,6
20/04/2020,16796,2021,Castilla-La Mancha,8
20/04/2020,15857,1493,Castilla y León,7
20/04/2020,41676,4009,Cataluña,9
20/04/2020,111,4,Ceuta,18
20/04/2020,10018,1079,C. Valenciana,10
20/04/2020,3186,389,Extremadura,11
20/04/2020,8299,352,Galicia,12
20/04/2020,56963,7351,Madrid,13
20/04/2020,104,2,Melilla,19
20/04/2020,1646,117,Murcia,14
20/04/2020,4697,385,Navarra,15
20/04/2020,12628,1081,País Vasco,16
20/04/2020,3734,285,La Rioja,17
20/04/2020,200210,20852,Total,0
21/04/2020,11447,1017,Andalucía,1
21/04/2020,4938,643,Aragón,2
21/04/2020,2365,202,Asturias,3
21/04/2020,1808,161,Baleares,4
21/04/2020,2085,120,Canarias,5
21/04/2020,2123,165,Cantabria,6
21/04/2020,17045,2075,Castilla-La Mancha,8
21/04/2020,16259,1521,Castilla y León,7
21/04/2020,43112,4152,Cataluña,9
21/04/2020,111,4,Ceuta,18
21/04/2020,10084,1089,C. Valenciana,10
21/04/2020,3196,397,Extremadura,11
21/04/2020,8468,360,Galicia,12
21/04/2020,57997,7460,Madrid,13
21/04/2020,105,2,Melilla,19
21/04/2020,1681,120,Murcia,14
21/04/2020,4781,397,Navarra,15
21/04/2020,12810,1103,País Vasco,16
21/04/2020,3763,294,La Rioja,17
21/04/2020,204178,21282,Total,0
22/04/2020,11610,1050,Andalucía,1
22/04/2020,5054,656,Aragón,2
22/04/2020,2419,211,Asturias,3
22/04/2020,1836,164,Baleares,4
22/04/2020,2094,121,Canarias,5
22/04/2020,2160,167,Cantabria,6
22/04/2020,17321,2140,Castilla-La Mancha,8
22/04/2020,16839,1554,Castilla y León,7
22/04/2020,43802,4247,Cataluña,9
22/04/2020,118,4,Ceuta,18
22/04/2020,10538,1106,C. Valenciana,10
22/04/2020,3230,404,Extremadura,11
22/04/2020,8634,368,Galicia,12
22/04/2020,59199,7577,Madrid,13
22/04/2020,105,2,Melilla,19
22/04/2020,1695,123,Murcia,14
22/04/2020,4899,401,Navarra,15
22/04/2020,13044,1124,País Vasco,16
22/04/2020,3792,298,La Rioja,17
22/04/2020,208389,21717,Total,0
23/04/2020,11845,1079,Andalucía,1
23/04/2020,5237,681,Aragón,2
23/04/2020,2453,223,Asturias,3
23/04/2020,1861,168,Baleares,4
23/04/2020,2113,121,Canarias,5
23/04/2020,2206,173,Cantabria,6
23/04/2020,17557,2188,Castilla-La Mancha,8
23/04/2020,17402,1582,Castilla y León,7
23/04/2020,44892,4343,Cataluña,9
23/04/2020,118,4,Ceuta,18
23/04/2020,10692,1124,C. Valenciana,10
23/04/2020,3260,407,Extremadura,11
23/04/2020,8805,375,Galicia,12
23/04/2020,60487,7684,Madrid,13
23/04/2020,106,2,Melilla,19
23/04/2020,1721,124,Murcia,14
23/04/2020,4994,409,Navarra,15
23/04/2020,13436,1167,País Vasco,16
23/04/2020,3839,303,La Rioja,17
23/04/2020,213024,22157,Total,0
